<?xml version="1.0" encoding="UTF-8"?>
<!DOCTYPE mapper PUBLIC "-//mybatis.org//DTD Mapper 3.0//EN" "http://mybatis.org/dtd/mybatis-3-mapper.dtd">

<mapper namespace="cn.bitoffer.lottery.mapper.BlackIpMapper">
    <resultMap id="blackIpMap" type="cn.bitoffer.lottery.model.BlackIp">
        <result column="id" property="id"/>
        <result column="ip" property="ip"/>
        <result column="black_time" property="blackTime"/>
        <result column="sys_created" property="sysCreated"/>
        <result column="sys_updated" property="sysUpdated"/>
    </resultMap>

    <sql id="Vo_Column_List">
        `id`,
        `ip`,
        `black_time`,
        `sys_created`,
        `sys_updated`
    </sql>

    <insert id="save" useGeneratedKeys="true" keyProperty="blackIp.id">
        insert into t_black_ip (`ip`,`black_time`,`sys_created`,`sys_updated`)
        values (#{blackIp.ip},#{blackIp.blackTime},#{blackIp.sysCreated},#{blackIp.sysUpdated});
    </insert>
    <update id="updateBlackTimeByIP">
        update t_black_ip set black_time = #{blackTime}, sys_updated= now() where ip = #{ip};
    </update>
    <select id="getByIP" resultType="cn.bitoffer.lottery.model.BlackIp" resultMap="blackIpMap">
        select * from t_black_ip where ip = #{ip} limit 1;
    </select>
</mapper>
